statement,question,correct_answer_text
"Nipa no, n'ani bere, …îp…õ ade…õ ansa na …îde adwene aba.",What does the speaker imply about the person's character?,The person is greedy and driven by insatiable desire.
"Mese wo, wofa no adwene so, na woanhy…õ no nsuo a, …õb…õy…õ wo den.",What is the speaker advising regarding dealing with the difficult character?,You must use patience and strategy to manage the situation.
"∆ênn…õ, y…õn ani nna h…î, nanso nea …îrey…õ yi, …õkyer…õ s…õ …îp…õ n'asetena yie.",What does 'y…õn ani nna h…î' mean in this context?,We are currently unaware or indifferent to what is happening.
"∆Ükwan a …îfa so yi, …õny…õ nea …õb…õma …îadu baabi a …îp…õ.",What is the speaker questioning about the person's methods?,Their chosen approach will not lead to success.
"W'ano no nnyina faako, w'aka as…õm yi biako, akyiri yi w'aka foforo.",What is the speaker accusing the person of doing?,The person is being inconsistent and dishonest in their words.
"Nea …îse …îrekyer…õ y…õn akwantu no, …îno ara nni kwan.",What is the ironic reality of the situation?,He himself is inexperienced and lacks the knowledge he pretends to have.
"Ma n'asomdwoe…õ mma, …îne no reb…î w…î akwan a …õnny…õ pa so.",What is the speaker implying about their relationship?,"They are engaged in a conflict or a suspicious, bad relationship."
"M'ani abere, nanso meny…õ obi a m…õgye sika w…î baabi a …õmfata.",What does the speaker mean when they say 'm'ani abere'?,I am desperate or feeling intense pressure.
"S…õ wop…õ s…õ wodi nkunim a, …õs…õ s…õ wode w'ano twa w'ase.",What is the advice being given to the person?,You must be discreet and careful with what you say to succeed.
"∆Ükwan no tenten, nanso obiara nni h…î a …îb…õboa wo.",What is the implication for the main character?,The task is difficult and you are completely on your own.
"Akwansidea no nyinaa, …õy…õ y…õn ara na y…õreka.",What does the speaker realize about their troubles?,The problems they face are self-inflicted.
"S…õ wode w'adwene si dwuma so a, wode w'ano b…õdi akok…î.",What does this proverb suggest about hard work?,"If you are focused and hardworking, you will reap the rewards of your labor."
"Nipa a …îte h…î no, ne nsa k…î n'ase daa.",What is the character doing when 'ne nsa k…î n'ase'?,"They are humble, respectful, or perhaps very submissive to authority."
"Y…õrehw…õ obiara, nanso y…õn nsa nka n'ani.",What does 'y…õn nsa nka n'ani' mean?,We cannot get close to them or uncover their secrets.
"Nea …îb…õy…õ biara, ne nan b…õhy…õ …õpo no.",What is the meaning of 'ne nan b…õhy…õ …õpo no'?,They will face the consequences of their actions.
"Abusua no nyinaa, w…în ani abere w…î as…õm no ho.",What is the family's reaction to the matter?,The family is deeply worried or stressed about the situation.
"S…õ wop…õ s…õ wotu kwan a, hw…õ nea wofa fa.",What is the core message of this warning?,Be careful with the choices or paths you take in life.
"∆Üde n'ano b…õto m'anim s…õ …îb…õboa me, nanso meny…õ hwee.",What is the speaker saying about the promise?,"The person made an empty, false promise of help."
"S…õ wodi atoro a, w'ano b…õdane.",What is the consequence of lying according to this statement?,You will be exposed and brought to shame.
"Woa, w'ani nna h…î, nanso wop…õ nne…õma a …õw…î akyiri.",What is the speaker saying about the person's focus?,The person is ignoring their immediate responsibilities and chasing distant dreams.
"∆ênn…õ, y…õn nsa b…õka dwuma no.",What is the status of the project?,We are finally going to successfully complete or achieve the task.
"Nea …îrebo ne koko no, …întumi nni.",What is being implied about the character?,The person is boasting or acting brave but has no real power.
"S…õ nsuo no firi ase…õ a, …õny…õ nea …õb…õtwam.",What does this suggest about the coming trouble?,The upcoming trouble is serious and persistent.
"Wo nsa k…î n'ani a, w'ani b…õbere.",What is the result of messing with someone powerful?,"If you provoke the wrong person, you will face severe repercussions."
∆Ükwan biara nni h…î a …îb…õfa so ama n'ade…õ asane.,What is the final verdict on the character's plan?,There is absolutely no way his plans will work out.
"Nkrabea nti, na okyi aduane a woafono.",What is the implied meaning of this proverb in the context of the character's suffering?,Destiny is unavoidable; sometimes you are forced to endure what you despise.
"∆Übaa no anim y…õ duru, nti obiara nni kwan a …îb…õfa so aka n‚Äôas…õm.",What does 'anim y…õ duru' imply about the woman?,She is highly respected and commands authority/fear.
"Wonyin a, na wuhu s…õ owia t…îe a, …õnnuru anadwo.",What is the speaker trying to warn about?,That one cannot escape the consequences or end of a situation.
"M'ani abere wo, …õfiri se wode w'ani ato me nne…õma so.",What does the phrase 'm'ani abere wo' mean here?,I am angry or suspicious of you for being covetous.
"∆Ükraman ani nni hwee, nanso …înam ne honam mu a, …îkyer…õ s…õ …îw…î hwee.",What point is the speaker making about the deceitful relative?,That a person who has nothing can still pretend to be wealthy or important.
"S…õ wop…õ s…õ wunya asomdwoe a, fa wo nsa hyehy…õ wo tiri mu.",What is the advice being given?,To mind your own business and stay out of trouble.
"Mmarima nyinaa nni h…î a, mma w‚Äôakoma ntu.",What does the idiom 'wo akoma ntu' suggest?,You should not panic or lose hope in desperate times.
"∆Üpanyin no te h…î a, …îrekyer…õ s…õ n'ano adwuma aba.",What is the elder doing?,He is gossiping or backbiting uncontrollably.
"Wo nsa aka po, enti wunim s…õ adwuma no y…õ duru.",What does 'wo nsa aka po' mean?,You have experienced the depth or difficulty of the situation personally.
"Mmarima te s…õ asubontene, wub…õtumi atwa mu, nanso wonni tumi nsi kwan.",What is the speaker saying about men?,Men are unpredictable and difficult to control or fully dominate.
"Wodi n'akyi a, wode w‚Äôakoma b…õky…õ no.",What does it mean to 'de wo akoma ky…õ' someone?,To place your trust or emotions completely in their hands.
"∆ênn…õ, wo nsa aka nsoromma.",What has happened to the character?,They have achieved something extraordinary or impossible.
"N‚Äôano y…õ d…õ, nanso n‚Äôakoma y…õ den.",What is the character's true nature?,They speak kindly but are malicious or cruel at heart.
"Woamfata ab…õ, nti woresisi wo ho.",What does it mean to 'sisi wo ho'?,To deceive oneself or live a lie.
"M‚Äôas…õm y…õ ya, …õnne…õ wo ani nna h…î.",What is the speaker saying about the listener's awareness?,You are willfully ignorant or pretending not to see the truth.
"Nipa a …îde n'ani abere obi, …împ…õ ne yiyie.",What is the implied meaning of this statement?,The person is envious and does not wish others well.
"Wonyi w‚Äôano a, obi nnyi ma wo.",What is the speaker advising?,You must speak up for yourself because no one else will advocate for your needs.
"∆Übaa no y…õ ne ho s…õ nea …îy…õ …îkyer…õkyer…õni, nanso n'amene y…õ kusu.",What is being said about the woman's character?,"She pretends to be wise or educated, but she is actually ignorant."
Maame no te s…õ …îkraman a …îrep…õ n'akyi.,What behavior is being described?,"The woman is restless, anxious, or unable to sit still."
"Ne nsam y…õ duru dodo, enti …împ…õ s…õ …îboa obiara.",What does it mean that 'her hands are heavy'?,She is stingy or ungenerous.
"S…õ wop…õ s…õ woanya asomdwoe a, fa w'ano to w'adwene mu.",What is the advice given here?,You should remain silent or keep your thoughts to yourself to avoid conflict.
"∆Übarima no rebo ne nsa aka ne tiri, nanso …îny…õ hwee.",What is the man's current state?,He is confused or struggling to find a solution to a problem.
"Wode wo nsa b…õto ogya mu a, wunya d…õ.",What is the lesson regarding the person's actions?,"If you engage in dangerous or illicit activities, you will inevitably face the consequences."
∆Übarima no te s…õ okoto a ne nufu nni mu.,What does this description imply about the man?,He is someone who is useless or lacks any real substance or value.
"Ne nsa nni hwee, nanso …îp…õ s…õ …îb…õy…õ …îhene.",What does it mean that 'his hand has nothing'?,He is completely broke or has no financial resources.
"Y…õnka nkyer…õ no, na ne tiri y…õ duru.",Why are they reluctant to tell him?,He is stubborn or slow to understand instructions.
"∆Übaa no de ne ho ab…î ne nsa, seesei …îrebre.",What happened to the woman?,She brought trouble or suffering upon herself through her own actions.
Me nsa aka m'ani so.,What does the speaker mean?,The speaker has witnessed something shocking or unbelievable.
Obiara nka ne nsam w…î nea …îy…õe no.,What is the result of the character's actions?,The person is facing the consequences of their actions; they are regretful.
"S…õ woane wo ho a, wunim nea w'akoma w…î.",What is the deeper meaning of this statement?,You know your own true intentions and the secrets you keep.
∆Übarima no rebu n'ani agu ne ho.,What is the person doing?,The man is feeling ashamed or humiliated by his own actions.
Ne nsa nni nkyene.,What does it mean that her hand has no salt?,She is not skilled at cooking or her food lacks flavor.
"S…õ obi rep…õ wo as…õm a, …îde n'ani b…õb…î wo.",What is the warning being given?,"Someone is monitoring or targeting you, usually with malicious intent."
∆Übaa no ne n‚Äôano nni nkabom.,What is being said about the woman's speech?,She is inconsistent; she says one thing but means another.
"Mep…õ s…õ mesan mak…î me fie, me nsa y…õ me.",What does the speaker mean by 'my hand is doing me'?,"The speaker is desperate or struggling, and things are going wrong for them."
∆Übarima no tiri y…õ den dodo.,What is meant by 'the head is too hard'?,The person is extremely stubborn and refuses to listen to advice.
"Wode w'ani to wo ho so, wunim nea woak…î.",What is being said about the character?,You are self-reliant and aware of the consequences of your path.
"Y…õnnyina nkyer…õ no, na ne sika akyinkyin.",What is the situation with the money?,The money is being wasted or spent carelessly on useless things.
Nipa no y…õ …îkwan a …õne ne ho nhyia.,What kind of person is being described?,An unpredictable or two-faced person who contradicts themselves.
"Wop…õ s…õ wodi as…õm a, ka nokware.",What is the advice regarding the dispute?,"If you want to win a case or argument, you must speak the truth."
"Nipa yi ani abere, …îp…õ as…õm na …õk…î.",What does it mean when the character says the person's eyes are red?,The person is extremely angry and looking for trouble.
"Mmaa yi kasa dodo, w…în ti y…õ den dodo, w…în nsuro obi.","When the character says 'w…în ti y…õ den,' what is implied about the girls?",The girls are extremely stubborn and defiant.
"Me wer…õ aho, na …õne s…õ wop…õ s…õ wotwa me nsa.","In the context of being betrayed, what does 'otwa me nsa' mean here?",The person is trying to double-cross or cheat the character.
"∆Übarima yi te ase a, …õs…õ s…õ y…õk…î k…îbisa ne k…în mu as…õm.",What does 'k…îbisa ne k…în mu as…õm' imply in this situation?,They need to consult the man for his opinion or permission on a serious matter.
"∆ênn…õ, woaka me ho as…õm kyer…õ…õ no, …õno nti na m'ani agye.",What does 'm'ani agye' signify here?,The character is happy or excited.
"S…õ wop…õ s…õ wodi nkonim a, …õs…õ s…õ wode wo tirim bu kwan.",What does 'wode wo tirim bu kwan' mean in this context?,You must plan carefully and think strategically.
"Me nua, woamfa wo yam ny…õ ade a, obiara remp…õ wo as…õm.",What is the advice regarding 'woamfa wo yam ny…õ ade'?,You should act with kindness and sincerity.
"∆Übarima no rewe mpan koraa, …înni hwee mfa nnyina …îhaw no ano.",What does 'rewe mpan' imply for the man's state of life?,He is going through extreme hardship and poverty.
"Wop…õ s…õ wos…õe me din, nanso …õreny…õ yie; m'akoma te s…õ dade…õ.",What does 'm'akoma te s…õ dade…õ' imply about the speaker?,"The person is tough, resilient, and unbreakable."
"Woaka as…õm a …õy…õ d…õ, nanso w'ano y…õ d…õ dodo, …õs…õ s…õ woy…õ nwanwa.",What is the critique implied by 'w'ano y…õ d…õ'?,The person is overly flattering or deceitful with their speech.
"∆ênn…õ me nsa aka bi, m'ani aso s…õ merenya sika no bi.",What does it mean for the character when they say 'me nsa aka bi'?,The person has finally secured a gain or profit.
"Obiara nka as…õm yi nkyer…õ …îbaa no, efiris…õ n'aso y…õ den.",What is suggested about the woman by saying 'n'aso y…õ den'?,She is stubborn or refuses to listen to reason.
"Mmarima yi, w…în nsam w…î hwee, nanso w…îy…õ senea sika w…î w…în nky…õn.",What does 'w…în nsam w…î hwee' mean?,They are completely broke or empty-handed.
"Wop…õ s…õ wodi me ho f…õw? M'ani t…õ…õ, merennnya me ho.",What does the speaker mean by 'm'ani t…õ…õ'?,They are alert and cannot be easily deceived.
"Wony…õ…õ nokware, na seesei wo k…în abubu.",What does 'wo k…în abubu' signify regarding the character?,"The character is disappointed, humbled, or defeated."
∆Üno na …îde n'ano b…õtwa n'atiko; …îkasa dodo.,What does '…îde n'ano b…õtwa n'atiko' mean?,The person brings trouble upon themselves by talking too much.
"S…õ wop…õ asomdwoe a, …õs…õ s…õ wode wo ani to fam.",What is the meaning of 'wode wo ani to fam'?,You should be humble and respectful.
"Me nua, ma wo ho so, nea woy…õ no, …õk…î so p…õp…õ…õp…õ.",What does the phrase 'ma wo ho so' imply?,Hold your head high and have confidence.
∆Übarima yi p…õ n'anim as…õm; …împ…õ s…õ obi keka ne ho as…õm.,What does it mean when someone 'p…õ n'anim as…õm'?,The person is full of pride and arrogance.
"Y…õnni nti, na y…õnk…î y…õn anim? S…õ y…õny…õ a, y…õb…õka kwan.",What does 'y…õb…õka kwan' mean in this context?,They will lag behind or fail to make progress.
"S…õ wop…õ s…õ wodi sika a, …õs…õ s…õ woda wo ho adi.",What does 'woda wo ho adi' imply for business success?,"You must be industrious, visible, and hardworking."
"Mmaa no reka as…õm yi, nanso …õy…õ as…õm a …õw…î ntokuro.",What does it mean to have 'as…õm a …õw…î ntokuro'?,The statement has hidden secrets or loopholes.
"∆Übarima yi nim as…õm, nanso …împ…õ s…õ …îda ne ho adi.",What does '…împ…õ s…õ …îda ne ho adi' mean?,The person is secretive or prefers not to show off their abilities.
"Kofi de sika no ato nsuo mu, w'ahu?",What has Kofi done by 'de sika no ato nsuo mu'?,He has wasted his money on a useless venture.
"Mmaa yi kasa dodo, nanso w…în as…õm nni nkwa.",What does it mean when the character says 'w…în as…õm nni nkwa'?,"The women's words are empty, meaningless, or have no substance."
"Nkrabea nti, y…õn nyinaa y…õn nsa aka nsuo a, …õns…õ s…õ y…õbu y…õn ho anim ase.",What is the speaker implying about their difficult situation?,They are facing a period of hardship but should keep their dignity.
"∆Ükunu no ak…îtra ne mma no nky…õn, na seesei …îrewe n'ano.",What is the husband doing in this context?,He is suffering from regret or deep anxiety.
"S…õ wop…õ s…õ wunya asomdwoe…õ a, gyae n'akyi nni.",What advice is being given?,Stop gossiping about that person behind their back.
"Obiara mmp…õ s…õ …îb…õk…î ak…îhyia no, efis…õ …îde ne ho ama nsuo a …õy…õ d…õ.",What kind of person is being described?,Someone who is overly flirtatious or morally loose.
"∆Übaa no y…õ…õ ne ho s…õ wahu as…õm no, nanso ne ti y…õ duru.",What does it mean that 'her head is heavy'?,She is stubborn and refuses to listen to advice.
"Mep…õ s…õ wobisa me maame, efis…õ …îno na …îda n'ano.",What is the mother's role here?,She is the final decision-maker or the spokesperson.
"Y…õrehw…õ s…õnea …îb…õk…î so, nanso ne ntoma fi adi.",What is being revealed about the character?,Their true character or secret intentions are being exposed.
"∆êfata s…õ wotie ne nnyigyei, efis…õ …înni n'as…õm so.",What does it mean that 'he is not on his matter'?,He is unreliable or not serious about what he says.
"Nnipa a …õb…õtwa y…õn ntam no, na y…õb…õhu n'ahohiahia.",What is the significance of the people who come between them?,Interfering third parties will reveal their true suffering.
"∆Ükunu no ani abere anadwo no, nanso …îne ne yere nkasa.",What is meant by his eyes being red?,He is extremely angry or furious.
"S…õ wop…õ s…õ wotoa so a, wofata s…õ wotwe wo ho.",What does the elder mean by 'pull yourself'?,Self-discipline or removing oneself from a bad situation.
∆Ühene no de ne nsa to ne k…în mu s…õ …îb…õboa wo.,What is the King promising?,He is making a solemn vow or commitment to help.
"S…õ wunya ade…õ a, nnyina ne so nni ahomaso…î.",What is the warning regarding wealth?,Do not let success make you arrogant or proud.
"W'ano y…õ d…õ, nanso wo koma y…õ duru.",What does this contrast mean?,The person speaks kind words but has malicious intentions.
"Mep…õ s…õ wotwe wo ho fi me ho, efis…õ wo nsam y…õ nso.",What is being said about the person's character?,They are a thief or have a reputation for stealing.
"∆Ükraman no ak…î tra ne ho, na …îb…õdi ne ho amane.",What will happen to the person?,They are associating with a bad person and will suffer for it.
"W…în nsa aka nkyene, enti wob…õtumi ay…õ adwuma.",What does it mean that their hands have touched salt?,They have finally experienced success or made a breakthrough.
"S…õ wob…õk…î a, mma w'ani nna h…î.",What does 'do not let your eyes sleep there' mean?,Be vigilant and keep a close watch on the situation.
Mep…õ s…õ mehu s…õ wob…õb…î wo ho amane.,What does it mean to 'beat your body in suffering'?,Going through extreme hardship or sacrifice.
"∆Üde ne ti atwa, efis…õ n'abusuafo…î p…õ s…õ …îy…õ saa.",What is implied by 'he has cut his head'?,"He has made a definitive, irreversible decision."
"Nipa b…îne yi n‚Äôani abere, …îp…õ s…õ …îs…õe abusua yi din.",What is being said about the person's character?,The person is extremely envious and malicious towards the family.
"Merek…î, nanso nkae s…õ, obiara nni h…î a …îb…õtumi agya me nsa w…î ha.",What is the speaker implying by saying nobody can 'agya me nsa'?,Nobody can hold him accountable or control him.
"Adwuma no, y…õn ani da so, y…õn nsa nka bi nnu.",What does 'y…õn nsa nka bi' mean in this context?,They have not yet received any profit or benefit from the work.
"∆Ükunafo yi, n‚Äôasem b…õy…õ aduane a y…õnni, nanso y…õnni kwan.",What is the meaning of 'n‚Äôasem b…õy…õ aduane a y…õnni'?,The widow's behavior is creating an unbearable situation that they must endure.
"S…õ wop…õ s…õ wotena abusua yi mu a, fa wo ti si fam.",What advice is being given to the family member?,They should be humble and respectful to survive in the family.
"∆Übarima no de n'ano sii adwuma no so, nanso …õny…õe.",What does 'de n'ano sii' imply?,The man made a verbal promise or commitment to the work.
"Mpanimfo…î no se, …õsono ne nea y…õy…õ de kyia …îhene, …õsono ne nea y…õy…õ de kyia …îbea.",What is the lesson regarding the proverb?,One must know the appropriate level of respect and approach for different people.
"∆Übaa no hy…õ…õ ne ho …õsono, na …îp…õ s…õ …îdaadaa y…õn.",,The woman is being deceptive and putting up a false appearance.
"Abusua no nyinaa gyinaa ne ho se, 'y…õn nsa nka n‚Äôani bio.'",What is the implication of 'y…õn nsa nka n‚Äôani bio'?,They want nothing more to do with her or her affairs.
"N‚Äôas…õm no y…õ d…õ, nanso ne koma mu y…õ duru.",What does 'ne koma mu y…õ duru' suggest about the person?,"The person is wicked, secretive, or has bad intentions."
"Wony…õ nea wob…õy…õ biara a, nkae s…õ nsuo a …õb…õy…õ na …õb…õy…õ.",What is the warning behind this statement?,"Consequences are inevitable, no matter what you do."
"∆Üpanyin no nsam y…õ duru, enti obiara nni h…î a …îb…õkasa.",What does it mean that the elder's hand is 'heavy'?,"The elder holds significant authority, power, or influence."
"Y…õrehw…õ abusuapanyin no, n‚Äôani akye d…õn?","When someone asks 'n‚Äôani akye d…õn', what are they inquiring about?",What is the motive or reason behind his current behavior?
"Mmarima no de akok…î ne adesoa sii h…î, nanso nea …õbae ne s…õ...","In this context, what is 'akok…î ne adesoa' referencing?",The men made empty or difficult promises/demands that are hard to fulfill.
"Kofi de ne nsa too ne bo mu, na …îhw…õ…õ baabi a …õb…õy…õ.",What is Kofi doing by 'de ne nsa to ne bo mu'?,"Kofi is deep in thought, considering his options carefully."
"Abusua yi mu no, obiara w…î nea ne nsa du.",What does 'w…î nea ne nsa du' mean?,Everyone has their own limitations or areas of influence.
"∆Übaa no k…îk…î…î no, na ne tirim y…õ duru.",What is implied about the woman?,The woman is deceitful and has dangerous/dark thoughts.
"S…õ woannya sika a, wo nsa y…õ duru, nanso abotare ne ade nyinaa.",What is the message to the person who is struggling?,"Poverty makes life difficult, but patience is the most important virtue."
"Y…õnni nt…îkwa, nanso obiara p…õ n'anim as…õm.",What does 'obiara p…õ n'anim as…õm' mean?,Everyone is self-centered and only cares about their own interest.
"∆Üpanyin no se, y…õmmfa y…õn ho nni agoru, efis…õ owuo mmp…õ obiara.",What is the elder warning the family about?,They should be serious because death doesn't discriminate or respect anyone.
∆Übarima no ani abere na ne ho nso keka no.,What is the true state of the man being described?,The man is furious and agitated/restless.
"Nnipa yi, w…împ…õ s…õ obiara tu ne ho di kan.",What does the speaker mean by 'tu ne ho di kan'?,They do not want anyone to succeed or get ahead of them in life.
"Me nuanom, obiara nni h…î a …îb…õtena asomdwoe…õ mu, nanso me na me ne …îhene no ahyia.",What does the speaker imply by saying 'me ne …îhene no ahyia'?,He has established a connection or gained favor with the person in power.
"S…õ wode wo ani kyer…õ me a, …õb…õy…õ s…õ woresusuw me.",What is the speaker accusing the other person of doing?,"He is undermining, disrespecting, or plotting against him."
"Eyi ne nea w…îfr…õ no 'b…îne a …õky…õri', …õb…õba wo so na woanhunu.",What is the nature of the 'b…îne' (evil/wrongdoing) being described?,It is a consequence of one's past actions that catches up unexpectedly.
"∆Ükraman mmonwene, wose wop…õ aduane, nanso wo nsa nni h…î.",What is the speaker saying about the person's character?,"The person is greedy and lazy, demanding things they haven't worked for."
"Nipa a …îte h…î a, n'ano wura nt…îkwa.",What does it mean when someone's mouth is full of 'nt…îkwa'?,The person is a troublemaker who constantly instigates arguments.
"Sika yi, me nsa aka bi, nanso …õny…õ me dea.",What is the status of the money the character is holding?,"He has handled the money, but it does not belong to him (perhaps he is a custodian)."
∆Übarima no de ne nsa agu n'akyi.,What is the man's state of mind?,"He has given up, washed his hands of a situation, or feels defeated."
"Y…õn nnyina nea …îrekasa no, n'ano nni mmara.",What does the speaker mean by 'n'ano nni mmara'?,"The speaker is reckless, unfiltered, or speaks without thinking of the consequences."
"Wonyin a, wob…õhunu s…õ 'obuo ne obi a …îte h…î'.",What is the cultural meaning behind this statement?,One learns through maturity that respecting others is essential for social harmony.
∆Übaa no redi n'akyi n'akyi.,What is the woman doing?,She is gossiping about someone behind their back.
"S…õ wohu s…õ obi rebr…õ, no mma no nk…î so, boa no.",What is the advice being given?,Help someone who is struggling with life's hardships or suffering.
Y…õn k…îdi daa na y…õb…õhunu s…õ 'sika mp…õ nea …îk…îm de no'.,What is the meaning of this proverb?,Money or success is not easily found by those who are desperate or impatient.
Ne tiri y…õ den dodo.,What is the person's personality trait?,The person is extremely stubborn or obstinate.
"Wose …îte fie, nanso n'ani da akwan so.",What is being implied about the person?,He is unfaithful or looking for opportunities outside of his home/relationship.
"Adom no reba, nanso …õb…õba na wop…õ.",What does the speaker mean by '…õb…õba na wop…õ'?,"Good fortune is coming, but you must be prepared and receptive for it."
"∆Ükwae…õ mu nipa, ne ho y…õ den.",What is being said about the person from the village/bush?,"The person is resilient, rugged, or hardened by difficult life experiences."
Wode wo nsa hy…õ m‚Äôakoma mu.,What is the speaker saying?,You are causing me emotional pain or distress.
"S…õ obi ka s…õ …îb…õboa wo a, hw…õ ne nsa.",What is the wisdom behind this statement?,"Judge a person by their past actions and ability to deliver, not just their words."
"Awo Yaa p…õ s…õ …îtra fie, nanso …õne…õ …îreb…î ne bra akyi.",What is the implied consequence of Awo Yaa choosing to stay home?,Awo Yaa is wasting her youth or failing to make progress in life.
"Adwuma no y…õ den, nanso me ne no aso …õkwan.",What does the speaker mean by 'me ne no aso …õkwan'?,The speaker is ready to endure or has braced themselves to face the challenge.
"∆Übarima yi y…õ ne yam, …îny…õ obi a ne ho y…õ duru.",What does 'ne ho y…õ duru' imply about the man?,"He is proud, arrogant, or pretentious."
"Awo Yaa anya sika foforo no, seesei …îregye n'ani.",What is Awo Yaa doing?,She is enjoying life or living extravagantly.
"Y…õnka as…õm no nkyer…õ no, efis…õ n'aso y…õ duru.",Why should the person not be told the news?,The person is stubborn and refuses to take advice.
∆Üde ne ti aka ne ho ab…î mu.,What is the person's emotional state?,"He is deeply worried, stressed, or depressed."
"S…õ wop…õ s…õ wunya sika a, …õs…õ s…õ woyi wo nan ase.",What does 'woyi wo nan ase' mean?,You must work hard or make an effort to succeed.
"Awo Yaa ani abere, …îp…õ as…õm.",What is Awo Yaa's state of mind?,She is very angry and looking for trouble.
Onyame ab…î no nkatia.,How is the person being described?,The person has been very unfortunate or doomed in life.
"Obiara nni h…î a …îb…õtumi de ne nsa aka adwuma no, gye …îno nko.",What does 'de ne nsa aka' imply here?,Successfully achieving or completing the task.
"Y…õrehyia …îhaw pii, nanso y…õn nsa nni so.",What does 'y…õn nsa nni so' mean?,They are not the cause of the problem.
Awo Yaa de ne ho hy…õ…õ w…în nsa.,What happened to Awo Yaa?,She surrendered herself to their control or care.
"Nnipa yi, w…în ani nte hwee.",What does 'w…în ani nte hwee' mean?,They are ignorant or unaware of what is going on.
"∆Ükwan a worefa so no, …õrenni wo yie.",What does '…õrenni wo yie' mean?,The path you are taking will not lead to success.
Me nsa aka me nan.,What is the speaker's physical state?,I am shocked or surprised.
Awo Yaa bo afuw.,What is Awo Yaa's reaction?,Awo Yaa is extremely furious.
"Wony…õ no saa a, …îb…õkyer…õ wo ne ho.",What does '…îb…õkyer…õ wo ne ho' mean?,He will show you his true colors or prove his power to you.
"Mmarima yi, w…în ano y…õ de.",What is being said about the men?,They are very good at persuasion or sweet-talking people.
"Wose …îy…õ wo yere, nanso …îrewe wo sika.",What is the woman doing?,She is spending your money extravagantly or wasting it.
Awo Yaa y…õ obi a …înim afutuo.,What does '…înim afutuo' mean?,She knows how to give counseling or advice.
"S…õ wob…õda …îman no ano a, …õs…õ s…õ woy…õ ntease.",What does 'wob…õda …îman no ano' mean?,You will become a leader or the representative of the people.
Ne nsa akura adwuma no mu.,What is the person doing with the work?,He has fully engaged or committed himself to the task.
∆Üde ne ho ato me so.,What has the person done?,He has entrusted his life or problems entirely to me.
"Wonyinii a, wob…õhu.",What does this mean?,"When you mature or gain experience, you will understand the reality of life."
"Nipa yi, …îp…õ s…õ …îy…õ n'ade…õ.",What does '…îy…õ n'ade…õ' mean?,"He wants to do things his own way, often ignoring others."
"∆Übarima yi, ne nsa b…î fam dodo, …îmm…õy…õ hwee a …õb…õma ne fie afa yiye.",What is being said about the man's behavior?,He is extremely lazy and lacks ambition to improve his family's welfare.
"M'ani abere wo ho, enti hw…õ yiye na wop…õ nea wob…õka.",What does the speaker mean by 'M'ani abere wo ho'?,"The speaker is extremely angry, annoyed, or impatient with the person."
"Y…õnni nsuo nnom, nanso nipa yi rep…õ s…õ …îfa akwantu a …õny…õ.",What is the speaker implying about the person's plan?,The person is attempting an impossible or fruitless venture.
"Nipa a …îw…î m‚Äôakyi no, …îy…õ obi a ne ho y…õ duru.",What is the status of the person being described?,"The person is highly respected, influential, or a person of substance."
∆ês…õ s…õ y…õb…î mpae…õ na Onyankop…în ama y…õn aso ate nka.,What does the speaker mean by 'ama y…õn aso ate nka'?,They are asking for God to make them hear or understand something important.
"Wo nsa akokwaw, enti gyae adwuma a worey…õ yi ansa na woahwere wo ho.",What does 'Wo nsa akokwaw' signify in this context?,"The person is inexperienced, clumsy, or incompetent at the task."
"Nipa b…îne yi, y…õnni nea y…õb…õka, ne ti akye.",What has happened to the person?,"The person has become stubborn, defiant, or hardened in their bad ways."
∆Übarima no buu n'anim guu fam bere a w…îkaa nokware no.,What was the man's reaction?,He felt deeply ashamed or disgraced by the truth.
"Y…õnni nni bi, nanso wob…õdi ka a …õny…õ wo dea.",What is the warning about?,The person is being warned not to take on debts or responsibilities that are not theirs.
"W'anom y…õ d…õ dodo, nti y…õntumi nnye wo di.",What is the problem with the person?,The person is too flattering or deceptive with their words.
"W'ani s…î me nsa, entumi nnyina ha.",What is the speaker expressing?,The speaker is finding the person annoying or a hindrance to their progress.
"S…õ wop…õ akwantu a, wop…õ nea …õy…õ.",What is the advice given?,You should ensure that your plans or path are morally sound or legitimate.
"W…îde sika no asiesie no yiye, nanso ne koma nni mu.",What does 'ne koma nni mu' mean?,"The person is not sincere, committed, or passionate about what they are doing."
∆Ühene no de n'ani kyer…õ…õ …îbarima no.,What did the King do?,The King paid close attention to or showed special interest in the man.
"Nipa yi nni akwantu, ne nan y…õ d…õw.",What is implied by 'ne nan y…õ d…õw'?,"The person is restless, always wandering, or inclined to travel frequently."
M…õhw…õ s…õ m…õb…î n‚Äôasomdwoe…õ.,What is the speaker threatening to do?,"To disturb, ruin, or destroy the person's peace of mind."
"Wode wo nsa ama me a, …õno ne s…õ wop…õ me yiyedie.",What does 'de wo nsa ma me' mean here?,"To offer support, help, or express genuine solidarity with someone."
"Y…õnni nt…õm nni nni, nanso nipa yi rep…õ s…õ …îdi n‚Äôano nni.",What is the person doing?,"They are talking too much, bragging, or gossiping uncontrollably."
"∆Übarima no nni adwene, ne ti y…õ kwa.",What is the character describing?,"The man is foolish, thoughtless, or lacks wisdom."
"Me nsa nni hwee, nti mennya sika a m…õde aboa wo.",What is the speaker's situation?,The speaker has no money and is financially helpless.
"Wo nsa keka wo nti, wode wo nsa gu n‚Äôade…õ so.",What is the person being accused of?,They are stealing or misappropriating someone else's property.
"W‚Äôani abue, na w‚Äôadwene akye.",What has happened to the person?,"They have become enlightened, wise, or matured in their thinking."
"∆Üd…î y…õ owu, na obiara ntumi nni no f…õw.",What is the cultural stance on love in the movie?,"Love is a powerful, serious, and sometimes overwhelming force that shouldn't be trifled with."
"S…õ wote nea obi aka no, …õnne s…õ w‚Äôani s…î.",What does 'w'ani s…î' mean in this context?,"You approve of, appreciate, or are satisfied with what was said."
"Me nsa aka nne…õma pii, nti meny…õ obi a …îte h…î ara kwa.",What is the speaker boasting about?,"They are experienced, have accomplished much, and are not idle."
